,bid,ask,maturity_date,bond_yield,coupon,name,date
0,97.95,99.97,2023-06-01 00:00:00,4.56%,1.5000%,CAN 1.50 Jun 23,2023-01-23
1,97.05,99.09,2024-06-01 00:00:00,4.01%,2.5000%,CAN 2.50 Jun 24,2023-01-23
2,96.50,98.52,2025-06-01 00:00:00,3.37%,2.2500%,CAN 2.25 Jun 25,2023-01-23
3,98.74,100.75,2023-03-01 00:00:00,4.38%,1.7500%,CAN 1.75 Mar 23,2023-01-23
4,99.80,103.80,2025-02-01 00:00:00,3.59%,3.7500%,CAN 3.75 Feb 25,2023-01-23
5,96.86,98.87,2024-03-01 00:00:00,4.27%,2.2500%,CAN 2.25 Mar 24,2023-01-23
6,100.20,102.24,2023-06-01 00:00:00,4.50%,8.0000%,CAN 8.00 Jun 23,2023-01-23
7,93.99,96.05,2026-06-01 00:00:00,3.08%,1.5000%,CAN 1.50 Jun 26,2023-01-23
8,95.44,97.45,2024-09-01 00:00:00,3.85%,1.5000%,CAN 1.50 Sep 24,2023-01-23
9,111.61,113.76,2025-06-01 00:00:00,3.34%,9.0000%,CAN 9.00 Jun 25,2023-01-23
10,91.38,93.42,2027-06-01 00:00:00,2.89%,1.0000%,CAN 1.00 Jun 27,2023-01-23
11,94.43,96.47,2025-03-01 00:00:00,3.54%,1.2500%,CAN 1.25 Mar 25,2023-01-23
12,94.99,97.03,2028-06-01 00:00:00,2.81%,2.0000%,CAN 2.00 Jun 28,2023-01-23
13,91.88,93.90,2025-09-01 00:00:00,3.40%,0.5000%,CAN 0.50 Sep 25,2023-01-23
14,95.87,97.90,2029-06-01 00:00:00,2.79%,2.2500%,CAN 2.25 Jun 29,2023-01-23
15,94.49,96.54,2024-04-01 00:00:00,4.22%,0.2500%,CAN 0.25 Apr 24,2023-01-23
16,82.73,84.76,2030-12-01 00:00:00,2.84%,0.5000%,CAN 0.50 Dec 30,2023-01-23
17,98.91,100.92,2023-02-01 00:00:00,-,0.2500%,CAN 0.25 Feb 23,2023-01-23
18,90.30,92.33,2026-03-01 00:00:00,3.23%,0.2500%,CAN 0.25 Mar 26,2023-01-23
19,93.01,93.06,2026-09-01 00:00:00,3.10%,1.0000%,CAN 1.00 Sep 26,2023-01-23
20,98.34,102.44,2023-05-01 00:00:00,4.50%,0.2500%,CAN 0.25 May 23,2023-01-23
21,89.04,91.08,2031-06-01 00:00:00,2.85%,1.5000%,CAN 1.50 Jun 31,2023-01-23
22,97.85,97.86,2023-08-01 00:00:00,4.57%,0.2500%,CAN 0.25 Aug 23,2023-01-23
23,92.35,94.38,2027-03-01 00:00:00,2.99%,1.2500%,CAN 1.25 Mar 27,2023-01-23
24,88.47,90.52,2031-12-01 00:00:00,2.86%,1.5000%,CAN 1.50 Dec 31,2023-01-23
25,94.09,96.10,2024-10-01 00:00:00,3.80%,0.7500%,CAN 0.75 Oct 24,2023-01-23
26,96.50,100.55,2023-11-01 00:00:00,4.53%,0.5000%,CAN 0.50 Nov 23,2023-01-23
27,92.03,94.07,2032-06-01 00:00:00,2.85%,2.0000%,CAN 2.00 Jun 32,2023-01-23
28,95.38,97.39,2024-02-01 00:00:00,4.44%,0.7500%,CAN 0.75 Feb 24,2023-01-23
29,95.72,97.75,2029-12-01 00:00:00,2.77%,2.2500%,CAN 2.25 Dec 29,2023-01-23
30,98.19,100.21,2027-09-01 00:00:00,2.93%,2.7500%,CAN 2.75 Sep 27,2023-01-23
31,94.78,96.81,2025-04-01 00:00:00,3.53%,1.5000%,CAN 1.50 Apr 25,2023-01-23
32,95.95,97.98,2032-12-01 00:00:00,2.85%,2.5000%,CAN 2.50 Dec 32,2023-01-23
33,95.82,97.84,2024-05-01 00:00:00,4.12%,1.5000%,CAN 1.50 May 24,2023-01-23
34,101.78,103.81,2028-03-01 00:00:00,2.90%,3.5000%,CAN 3.50 Mar 28,2023-01-23
35,97.29,99.30,2024-08-01 00:00:00,3.92%,2.7500%,CAN 2.75 Aug 24,2023-01-23
36,-,-,2027-08-24 00:00:00,2.96%,3.2450%,CAN 3.24 Aug 27,2023-01-23
37,98.10,100.12,2025-10-01 00:00:00,3.35%,3.0000%,CAN 3.00 Oct 25,2023-01-23
38,119.71,121.74,2027-06-01 00:00:00,2.86%,8.0000%,CAN 8.00 Jun 27,2023-01-23
39,97.74,99.76,2024-11-01 00:00:00,3.74%,3.0000%,CAN 3.00 Nov 24,2023-01-23
40,115.91,118.02,2029-06-01 00:00:00,2.80%,5.7500%,CAN 5.75 Jun 29,2023-01-23
41,97.92,99.94,2023-06-01 00:00:00,4.51%,1.5000%,CAN 1.50 Jun 23,2023-01-17
42,97.08,99.10,2024-06-01 00:00:00,3.96%,2.5000%,CAN 2.50 Jun 24,2023-01-17
43,96.45,98.47,2025-06-01 00:00:00,3.39%,2.2500%,CAN 2.25 Jun 25,2023-01-17
44,98.71,100.72,2023-03-01 00:00:00,4.27%,1.7500%,CAN 1.75 Mar 23,2023-01-17
45,96.92,98.93,2024-03-01 00:00:00,4.18%,2.2500%,CAN 2.25 Mar 24,2023-01-17
46,95.48,97.49,2024-09-01 00:00:00,3.77%,1.5000%,CAN 1.50 Sep 24,2023-01-17
47,94.38,96.41,2025-03-01 00:00:00,3.55%,1.2500%,CAN 1.25 Mar 25,2023-01-17
48,91.75,93.77,2025-09-01 00:00:00,3.44%,0.5000%,CAN 0.50 Sep 25,2023-01-17
49,94.49,96.50,2024-04-01 00:00:00,4.16%,0.2500%,CAN 0.25 Apr 24,2023-01-17
50,99.84,103.84,2025-02-01 00:00:00,3.56%,3.7500%,CAN 3.75 Feb 25,2023-01-17
51,93.85,95.89,2026-06-01 00:00:00,3.14%,1.5000%,CAN 1.50 Jun 26,2023-01-17
52,98.84,100.85,2023-02-01 00:00:00,-,0.2500%,CAN 0.25 Feb 23,2023-01-17
53,100.28,102.32,2023-06-01 00:00:00,4.43%,8.0000%,CAN 8.00 Jun 23,2023-01-17
54,91.28,93.32,2027-06-01 00:00:00,2.91%,1.0000%,CAN 1.00 Jun 27,2023-01-17
55,98.28,102.38,2023-05-01 00:00:00,4.46%,0.2500%,CAN 0.25 May 23,2023-01-17
56,111.66,113.81,2025-06-01 00:00:00,3.36%,9.0000%,CAN 9.00 Jun 25,2023-01-17
57,94.92,96.97,2028-06-01 00:00:00,2.83%,2.0000%,CAN 2.00 Jun 28,2023-01-17
58,95.81,97.85,2029-06-01 00:00:00,2.80%,2.2500%,CAN 2.25 Jun 29,2023-01-17
59,82.51,84.55,2030-12-01 00:00:00,2.86%,0.5000%,CAN 0.50 Dec 30,2023-01-17
60,97.77,97.78,2023-08-01 00:00:00,4.49%,0.2500%,CAN 0.25 Aug 23,2023-01-17
61,90.10,92.11,2026-03-01 00:00:00,3.31%,0.2500%,CAN 0.25 Mar 26,2023-01-17
62,94.10,96.11,2024-10-01 00:00:00,3.77%,0.7500%,CAN 0.75 Oct 24,2023-01-17
63,92.71,92.76,2026-09-01 00:00:00,3.16%,1.0000%,CAN 1.00 Sep 26,2023-01-17
64,96.36,100.54,2023-11-01 00:00:00,4.43%,0.5000%,CAN 0.50 Nov 23,2023-01-17
65,88.87,90.91,2031-06-01 00:00:00,2.88%,1.5000%,CAN 1.50 Jun 31,2023-01-17
66,95.45,97.46,2024-02-01 00:00:00,4.29%,0.7500%,CAN 0.75 Feb 24,2023-01-17
67,92.15,94.19,2027-03-01 00:00:00,3.05%,1.2500%,CAN 1.25 Mar 27,2023-01-17
68,94.72,96.75,2025-04-01 00:00:00,3.55%,1.5000%,CAN 1.50 Apr 25,2023-01-17
69,95.84,97.85,2024-05-01 00:00:00,4.06%,1.5000%,CAN 1.50 May 24,2023-01-17
70,88.34,90.38,2031-12-01 00:00:00,2.87%,1.5000%,CAN 1.50 Dec 31,2023-01-17
71,97.34,99.35,2024-08-01 00:00:00,3.88%,2.7500%,CAN 2.75 Aug 24,2023-01-17
72,91.91,93.95,2032-06-01 00:00:00,2.87%,2.0000%,CAN 2.00 Jun 32,2023-01-17
73,97.96,99.98,2025-10-01 00:00:00,3.41%,3.0000%,CAN 3.00 Oct 25,2023-01-17
74,95.67,97.70,2029-12-01 00:00:00,2.79%,2.2500%,CAN 2.25 Dec 29,2023-01-17
75,97.77,99.79,2024-11-01 00:00:00,3.72%,3.0000%,CAN 3.00 Nov 24,2023-01-17
76,98.10,100.12,2027-09-01 00:00:00,2.96%,2.7500%,CAN 2.75 Sep 27,2023-01-17
77,95.83,97.88,2032-12-01 00:00:00,2.87%,2.5000%,CAN 2.50 Dec 32,2023-01-17
78,101.75,103.77,2028-03-01 00:00:00,2.92%,3.5000%,CAN 3.50 Mar 28,2023-01-17
79,-,-,2027-08-24 00:00:00,2.99%,3.2450%,CAN 3.24 Aug 27,2023-01-17
80,119.69,121.73,2027-06-01 00:00:00,2.90%,8.0000%,CAN 8.00 Jun 27,2023-01-17
81,115.94,118.00,2029-06-01 00:00:00,2.81%,5.7500%,CAN 5.75 Jun 29,2023-01-17
82,98.41,99.52,2023-06-01 00:00:00,4.61%,1.5000%,CAN 1.50 Jun 23,2023-01-20
83,97.12,99.14,2024-06-01 00:00:00,4.01%,2.5000%,CAN 2.50 Jun 24,2023-01-20
84,96.67,98.69,2025-06-01 00:00:00,3.29%,2.2500%,CAN 2.25 Jun 25,2023-01-20
85,99.96,100.99,2025-02-01 00:00:00,3.51%,3.7500%,CAN 3.75 Feb 25,2023-01-20
86,98.74,100.75,2023-03-01 00:00:00,4.22%,1.7500%,CAN 1.75 Mar 23,2023-01-20
87,100.22,102.26,2023-06-01 00:00:00,4.55%,8.0000%,CAN 8.00 Jun 23,2023-01-20
88,94.30,96.35,2026-06-01 00:00:00,2.98%,1.5000%,CAN 1.50 Jun 26,2023-01-20
89,96.92,98.93,2024-03-01 00:00:00,4.19%,2.2500%,CAN 2.25 Mar 24,2023-01-20
90,111.80,113.95,2025-06-01 00:00:00,3.29%,9.0000%,CAN 9.00 Jun 25,2023-01-20
91,91.83,93.87,2027-06-01 00:00:00,2.76%,1.0000%,CAN 1.00 Jun 27,2023-01-20
92,95.54,97.55,2024-09-01 00:00:00,3.77%,1.5000%,CAN 1.50 Sep 24,2023-01-20
93,94.59,96.64,2025-03-01 00:00:00,3.45%,1.2500%,CAN 1.25 Mar 25,2023-01-20
94,95.57,97.62,2028-06-01 00:00:00,2.69%,2.0000%,CAN 2.00 Jun 28,2023-01-20
95,92.07,94.09,2025-09-01 00:00:00,3.33%,0.5000%,CAN 0.50 Sep 25,2023-01-20
96,94.54,96.55,2024-04-01 00:00:00,4.15%,0.2500%,CAN 0.25 Apr 24,2023-01-20
97,96.54,98.58,2029-06-01 00:00:00,2.67%,2.2500%,CAN 2.25 Jun 29,2023-01-20
98,99.40,100.43,2023-02-01 00:00:00,-,0.2500%,CAN 0.25 Feb 23,2023-01-20
99,83.44,85.47,2030-12-01 00:00:00,2.72%,0.5000%,CAN 0.50 Dec 30,2023-01-20
100,98.34,99.46,2023-05-01 00:00:00,4.37%,0.2500%,CAN 0.25 May 23,2023-01-20
101,97.84,97.85,2023-08-01 00:00:00,4.47%,0.2500%,CAN 0.25 Aug 23,2023-01-20
102,90.52,92.54,2026-03-01 00:00:00,3.16%,0.2500%,CAN 0.25 Mar 26,2023-01-20
103,94.20,96.21,2024-10-01 00:00:00,3.72%,0.7500%,CAN 0.75 Oct 24,2023-01-20
104,93.25,93.30,2026-09-01 00:00:00,2.98%,1.0000%,CAN 1.00 Sep 26,2023-01-20
105,96.50,100.58,2023-11-01 00:00:00,4.50%,0.5000%,CAN 0.50 Nov 23,2023-01-20
106,95.46,97.47,2024-02-01 00:00:00,4.33%,0.7500%,CAN 0.75 Feb 24,2023-01-20
107,89.84,91.88,2031-06-01 00:00:00,2.74%,1.5000%,CAN 1.50 Jun 31,2023-01-20
108,94.94,96.97,2025-04-01 00:00:00,3.45%,1.5000%,CAN 1.50 Apr 25,2023-01-20
109,92.77,94.81,2027-03-01 00:00:00,2.88%,1.2500%,CAN 1.25 Mar 27,2023-01-20
110,95.89,97.90,2024-05-01 00:00:00,4.04%,1.5000%,CAN 1.50 May 24,2023-01-20
111,89.30,91.33,2031-12-01 00:00:00,2.74%,1.5000%,CAN 1.50 Dec 31,2023-01-20
112,97.39,99.40,2024-08-01 00:00:00,3.85%,2.7500%,CAN 2.75 Aug 24,2023-01-20
113,98.29,100.31,2025-10-01 00:00:00,3.28%,3.0000%,CAN 3.00 Oct 25,2023-01-20
114,97.86,99.88,2024-11-01 00:00:00,3.67%,3.0000%,CAN 3.00 Nov 24,2023-01-20
115,92.89,94.93,2032-06-01 00:00:00,2.75%,2.0000%,CAN 2.00 Jun 32,2023-01-20
116,96.43,98.47,2029-12-01 00:00:00,2.66%,2.2500%,CAN 2.25 Dec 29,2023-01-20
117,98.68,100.70,2027-09-01 00:00:00,2.82%,2.7500%,CAN 2.75 Sep 27,2023-01-20
118,96.85,98.86,2032-12-01 00:00:00,2.75%,2.5000%,CAN 2.50 Dec 32,2023-01-20
119,102.36,104.39,2028-03-01 00:00:00,2.78%,3.5000%,CAN 3.50 Mar 28,2023-01-20
120,-,-,2027-08-24 00:00:00,2.84%,3.2450%,CAN 3.24 Aug 27,2023-01-20
121,120.25,122.29,2027-06-01 00:00:00,2.76%,8.0000%,CAN 8.00 Jun 27,2023-01-20
122,116.68,118.73,2029-06-01 00:00:00,2.69%,5.7500%,CAN 5.75 Jun 29,2023-01-20
123,97.91,99.93,2023-06-01 00:00:00,4.52%,1.5000%,CAN 1.50 Jun 23,2023-01-16
124,97.03,99.04,2024-06-01 00:00:00,3.99%,2.5000%,CAN 2.50 Jun 24,2023-01-16
125,96.24,98.26,2025-06-01 00:00:00,3.47%,2.2500%,CAN 2.25 Jun 25,2023-01-16
126,98.70,100.71,2023-03-01 00:00:00,4.30%,1.7500%,CAN 1.75 Mar 23,2023-01-16
127,96.91,98.92,2024-03-01 00:00:00,4.19%,2.2500%,CAN 2.25 Mar 24,2023-01-16
128,99.70,103.70,2025-02-01 00:00:00,3.65%,3.7500%,CAN 3.75 Feb 25,2023-01-16
129,93.66,95.70,2026-06-01 00:00:00,3.18%,1.5000%,CAN 1.50 Jun 26,2023-01-16
130,95.38,97.40,2024-09-01 00:00:00,3.82%,1.5000%,CAN 1.50 Sep 24,2023-01-16
131,100.28,102.33,2023-06-01 00:00:00,4.46%,8.0000%,CAN 8.00 Jun 23,2023-01-16
132,91.13,93.16,2027-06-01 00:00:00,2.93%,1.0000%,CAN 1.00 Jun 27,2023-01-16
133,94.76,96.79,2028-06-01 00:00:00,2.85%,2.0000%,CAN 2.00 Jun 28,2023-01-16
134,95.65,97.70,2029-06-01 00:00:00,2.82%,2.2500%,CAN 2.25 Jun 29,2023-01-16
135,82.41,84.45,2030-12-01 00:00:00,2.87%,0.5000%,CAN 0.50 Dec 30,2023-01-16
136,94.20,96.22,2025-03-01 00:00:00,3.63%,1.2500%,CAN 1.25 Mar 25,2023-01-16
137,111.45,113.59,2025-06-01 00:00:00,3.44%,9.0000%,CAN 9.00 Jun 25,2023-01-16
138,89.87,91.89,2026-03-01 00:00:00,3.36%,0.2500%,CAN 0.25 Mar 26,2023-01-16
139,92.51,92.56,2026-09-01 00:00:00,3.19%,1.0000%,CAN 1.00 Sep 26,2023-01-16
140,91.53,93.56,2025-09-01 00:00:00,3.51%,0.5000%,CAN 0.50 Sep 25,2023-01-16
141,88.78,90.81,2031-06-01 00:00:00,2.88%,1.5000%,CAN 1.50 Jun 31,2023-01-16
142,94.45,96.47,2024-04-01 00:00:00,4.18%,0.2500%,CAN 0.25 Apr 24,2023-01-16
143,91.98,94.01,2027-03-01 00:00:00,3.07%,1.2500%,CAN 1.25 Mar 27,2023-01-16
144,98.83,100.84,2023-02-01 00:00:00,-,0.2500%,CAN 0.25 Feb 23,2023-01-16
145,88.24,90.28,2031-12-01 00:00:00,2.88%,1.5000%,CAN 1.50 Dec 31,2023-01-16
146,98.28,102.38,2023-05-01 00:00:00,4.47%,0.2500%,CAN 0.25 May 23,2023-01-16
147,91.82,93.86,2032-06-01 00:00:00,2.87%,2.0000%,CAN 2.00 Jun 32,2023-01-16
148,97.78,97.79,2023-08-01 00:00:00,4.49%,0.2500%,CAN 0.25 Aug 23,2023-01-16
149,95.49,97.57,2029-12-01 00:00:00,2.80%,2.2500%,CAN 2.25 Dec 29,2023-01-16
150,93.98,95.99,2024-10-01 00:00:00,3.82%,0.7500%,CAN 0.75 Oct 24,2023-01-16
151,97.93,99.95,2027-09-01 00:00:00,2.99%,2.7500%,CAN 2.75 Sep 27,2023-01-16
152,95.77,97.81,2032-12-01 00:00:00,2.87%,2.5000%,CAN 2.50 Dec 32,2023-01-16
153,96.35,100.53,2023-11-01 00:00:00,4.45%,0.5000%,CAN 0.50 Nov 23,2023-01-16
154,101.56,103.58,2028-03-01 00:00:00,2.94%,3.5000%,CAN 3.50 Mar 28,2023-01-16
155,95.43,97.44,2024-02-01 00:00:00,4.31%,0.7500%,CAN 0.75 Feb 24,2023-01-16
156,-,-,2027-08-24 00:00:00,3.01%,3.2450%,CAN 3.24 Aug 27,2023-01-16
157,94.53,96.55,2025-04-01 00:00:00,3.63%,1.5000%,CAN 1.50 Apr 25,2023-01-16
158,119.54,121.57,2027-06-01 00:00:00,2.91%,8.0000%,CAN 8.00 Jun 27,2023-01-16
159,95.79,97.80,2024-05-01 00:00:00,4.10%,1.5000%,CAN 1.50 May 24,2023-01-16
160,115.77,117.88,2029-06-01 00:00:00,2.82%,5.7500%,CAN 5.75 Jun 29,2023-01-16
161,97.25,99.26,2024-08-01 00:00:00,3.93%,2.7500%,CAN 2.75 Aug 24,2023-01-16
162,97.74,99.75,2025-10-01 00:00:00,3.49%,3.0000%,CAN 3.00 Oct 25,2023-01-16
163,97.67,99.68,2024-11-01 00:00:00,3.77%,3.0000%,CAN 3.00 Nov 24,2023-01-16
164,97.97,99.99,2023-06-01 00:00:00,4.52%,1.5000%,CAN 1.50 Jun 23,2023-01-25
165,97.00,99.02,2024-06-01 00:00:00,4.04%,2.5000%,CAN 2.50 Jun 24,2023-01-25
166,96.37,98.39,2025-06-01 00:00:00,3.42%,2.2500%,CAN 2.25 Jun 25,2023-01-25
167,98.76,100.77,2023-03-01 00:00:00,4.31%,1.7500%,CAN 1.75 Mar 23,2023-01-25
168,96.86,98.88,2024-03-01 00:00:00,4.28%,2.2500%,CAN 2.25 Mar 24,2023-01-25
169,95.38,97.40,2024-09-01 00:00:00,3.87%,1.5000%,CAN 1.50 Sep 24,2023-01-25
170,94.32,96.37,2025-03-01 00:00:00,3.60%,1.2500%,CAN 1.25 Mar 25,2023-01-25
171,91.78,93.79,2025-09-01 00:00:00,3.43%,0.5000%,CAN 0.50 Sep 25,2023-01-25
172,93.93,95.99,2026-06-01 00:00:00,3.11%,1.5000%,CAN 1.50 Jun 26,2023-01-25
173,99.69,103.69,2025-02-01 00:00:00,3.65%,3.7500%,CAN 3.75 Feb 25,2023-01-25
174,94.52,96.57,2024-04-01 00:00:00,4.21%,0.2500%,CAN 0.25 Apr 24,2023-01-25
175,91.36,93.38,2027-06-01 00:00:00,2.88%,1.0000%,CAN 1.00 Jun 27,2023-01-25
176,100.19,102.23,2023-06-01 00:00:00,4.48%,8.0000%,CAN 8.00 Jun 23,2023-01-25
177,98.93,100.94,2023-02-01 00:00:00,-,0.2500%,CAN 0.25 Feb 23,2023-01-25
178,94.92,96.95,2028-06-01 00:00:00,2.83%,2.0000%,CAN 2.00 Jun 28,2023-01-25
179,111.43,113.58,2025-06-01 00:00:00,3.40%,9.0000%,CAN 9.00 Jun 25,2023-01-25
180,98.37,102.47,2023-05-01 00:00:00,4.48%,0.2500%,CAN 0.25 May 23,2023-01-25
181,97.87,97.88,2023-08-01 00:00:00,4.54%,0.2500%,CAN 0.25 Aug 23,2023-01-25
182,95.79,97.81,2029-06-01 00:00:00,2.80%,2.2500%,CAN 2.25 Jun 29,2023-01-25
183,82.76,84.79,2030-12-01 00:00:00,2.83%,0.5000%,CAN 0.50 Dec 30,2023-01-25
184,94.03,96.04,2024-10-01 00:00:00,3.84%,0.7500%,CAN 0.75 Oct 24,2023-01-25
185,90.19,92.20,2026-03-01 00:00:00,3.28%,0.2500%,CAN 0.25 Mar 26,2023-01-25
186,96.50,100.59,2023-11-01 00:00:00,4.48%,0.5000%,CAN 0.50 Nov 23,2023-01-25
187,92.91,92.96,2026-09-01 00:00:00,3.11%,1.0000%,CAN 1.00 Sep 26,2023-01-25
188,89.10,91.14,2031-06-01 00:00:00,2.84%,1.5000%,CAN 1.50 Jun 31,2023-01-25
189,95.40,97.41,2024-02-01 00:00:00,4.43%,0.7500%,CAN 0.75 Feb 24,2023-01-25
190,92.31,94.34,2027-03-01 00:00:00,3.00%,1.2500%,CAN 1.25 Mar 27,2023-01-25
191,94.66,96.69,2025-04-01 00:00:00,3.59%,1.5000%,CAN 1.50 Apr 25,2023-01-25
192,88.52,90.56,2031-12-01 00:00:00,2.85%,1.5000%,CAN 1.50 Dec 31,2023-01-25
193,92.04,94.08,2032-06-01 00:00:00,2.85%,2.0000%,CAN 2.00 Jun 32,2023-01-25
194,95.78,97.80,2024-05-01 00:00:00,4.16%,1.5000%,CAN 1.50 May 24,2023-01-25
195,95.59,97.64,2029-12-01 00:00:00,2.79%,2.2500%,CAN 2.25 Dec 29,2023-01-25
196,98.12,100.14,2027-09-01 00:00:00,2.95%,2.7500%,CAN 2.75 Sep 27,2023-01-25
197,97.23,99.24,2024-08-01 00:00:00,3.97%,2.7500%,CAN 2.75 Aug 24,2023-01-25
198,95.91,97.95,2032-12-01 00:00:00,2.86%,2.5000%,CAN 2.50 Dec 32,2023-01-25
199,101.72,103.75,2028-03-01 00:00:00,2.91%,3.5000%,CAN 3.50 Mar 28,2023-01-25
200,97.95,99.97,2025-10-01 00:00:00,3.40%,3.0000%,CAN 3.00 Oct 25,2023-01-25
201,-,-,2027-08-24 00:00:00,2.96%,3.2450%,CAN 3.24 Aug 27,2023-01-25
202,97.67,99.68,2024-11-01 00:00:00,3.78%,3.0000%,CAN 3.00 Nov 24,2023-01-25
203,119.65,121.68,2027-06-01 00:00:00,2.87%,8.0000%,CAN 8.00 Jun 27,2023-01-25
204,115.81,117.91,2029-06-01 00:00:00,2.81%,5.7500%,CAN 5.75 Jun 29,2023-01-25
205,97.96,99.98,2023-06-01 00:00:00,4.56%,1.5000%,CAN 1.50 Jun 23,2023-01-24
206,97.01,99.02,2024-06-01 00:00:00,4.03%,2.5000%,CAN 2.50 Jun 24,2023-01-24
207,96.41,98.43,2025-06-01 00:00:00,3.40%,2.2500%,CAN 2.25 Jun 25,2023-01-24
208,98.75,100.76,2023-03-01 00:00:00,4.34%,1.7500%,CAN 1.75 Mar 23,2023-01-24
209,96.86,98.87,2024-03-01 00:00:00,4.28%,2.2500%,CAN 2.25 Mar 24,2023-01-24
210,95.39,97.41,2024-09-01 00:00:00,3.86%,1.5000%,CAN 1.50 Sep 24,2023-01-24
211,94.36,96.39,2025-03-01 00:00:00,3.57%,1.2500%,CAN 1.25 Mar 25,2023-01-24
212,93.93,95.99,2026-06-01 00:00:00,3.11%,1.5000%,CAN 1.50 Jun 26,2023-01-24
213,91.80,93.82,2025-09-01 00:00:00,3.43%,0.5000%,CAN 0.50 Sep 25,2023-01-24
214,91.36,93.38,2027-06-01 00:00:00,2.88%,1.0000%,CAN 1.00 Jun 27,2023-01-24
215,99.69,103.69,2025-02-01 00:00:00,3.65%,3.7500%,CAN 3.75 Feb 25,2023-01-24
216,94.50,96.55,2024-04-01 00:00:00,4.20%,0.2500%,CAN 0.25 Apr 24,2023-01-24
217,94.92,96.95,2028-06-01 00:00:00,2.83%,2.0000%,CAN 2.00 Jun 28,2023-01-24
218,100.19,102.23,2023-06-01 00:00:00,4.48%,8.0000%,CAN 8.00 Jun 23,2023-01-24
219,98.92,100.93,2023-02-01 00:00:00,-,0.2500%,CAN 0.25 Feb 23,2023-01-24
220,98.36,99.48,2023-05-01 00:00:00,4.48%,0.2500%,CAN 0.25 May 23,2023-01-24
221,97.84,97.85,2023-08-01 00:00:00,4.56%,0.2500%,CAN 0.25 Aug 23,2023-01-24
222,95.79,97.81,2029-06-01 00:00:00,2.80%,2.2500%,CAN 2.25 Jun 29,2023-01-24
223,82.76,84.79,2030-12-01 00:00:00,2.83%,0.5000%,CAN 0.50 Dec 30,2023-01-24
224,111.43,113.58,2025-06-01 00:00:00,3.40%,9.0000%,CAN 9.00 Jun 25,2023-01-24
225,94.05,96.06,2024-10-01 00:00:00,3.83%,0.7500%,CAN 0.75 Oct 24,2023-01-24
226,90.19,92.20,2026-03-01 00:00:00,3.28%,0.2500%,CAN 0.25 Mar 26,2023-01-24
227,96.50,100.56,2023-11-01 00:00:00,4.51%,0.5000%,CAN 0.50 Nov 23,2023-01-24
228,92.91,92.96,2026-09-01 00:00:00,3.11%,1.0000%,CAN 1.00 Sep 26,2023-01-24
229,95.38,97.39,2024-02-01 00:00:00,4.43%,0.7500%,CAN 0.75 Feb 24,2023-01-24
230,89.10,91.14,2031-06-01 00:00:00,2.84%,1.5000%,CAN 1.50 Jun 31,2023-01-24
231,94.70,96.73,2025-04-01 00:00:00,3.57%,1.5000%,CAN 1.50 Apr 25,2023-01-24
232,92.31,94.34,2027-03-01 00:00:00,3.00%,1.2500%,CAN 1.25 Mar 27,2023-01-24
233,88.52,90.56,2031-12-01 00:00:00,2.85%,1.5000%,CAN 1.50 Dec 31,2023-01-24
234,95.78,97.79,2024-05-01 00:00:00,4.15%,1.5000%,CAN 1.50 May 24,2023-01-24
235,92.04,94.08,2032-06-01 00:00:00,2.85%,2.0000%,CAN 2.00 Jun 32,2023-01-24
236,97.24,99.25,2024-08-01 00:00:00,3.95%,2.7500%,CAN 2.75 Aug 24,2023-01-24
237,95.59,97.64,2029-12-01 00:00:00,2.79%,2.2500%,CAN 2.25 Dec 29,2023-01-24
238,98.12,100.14,2027-09-01 00:00:00,2.95%,2.7500%,CAN 2.75 Sep 27,2023-01-24
239,97.99,100.02,2025-10-01 00:00:00,3.39%,3.0000%,CAN 3.00 Oct 25,2023-01-24
240,95.91,97.95,2032-12-01 00:00:00,2.86%,2.5000%,CAN 2.50 Dec 32,2023-01-24
241,97.69,99.71,2024-11-01 00:00:00,3.77%,3.0000%,CAN 3.00 Nov 24,2023-01-24
242,101.72,103.75,2028-03-01 00:00:00,2.91%,3.5000%,CAN 3.50 Mar 28,2023-01-24
243,-,-,2027-08-24 00:00:00,2.96%,3.2450%,CAN 3.24 Aug 27,2023-01-24
244,119.65,121.68,2027-06-01 00:00:00,2.87%,8.0000%,CAN 8.00 Jun 27,2023-01-24
245,115.81,117.91,2029-06-01 00:00:00,2.81%,5.7500%,CAN 5.75 Jun 29,2023-01-24
246,95.58,97.59,2024-09-01 00:00:00,3.72%,1.5000%,CAN 1.50 Sep 24,2023-01-19
247,94.53,96.54,2024-04-01 00:00:00,4.13%,0.2500%,CAN 0.25 Apr 24,2023-01-19
248,89.78,91.82,2031-06-01 00:00:00,2.74%,1.5000%,CAN 1.50 Jun 31,2023-01-19
249,111.88,114.02,2025-06-01 00:00:00,3.25%,9.0000%,CAN 9.00 Jun 25,2023-01-19
250,98.69,100.71,2027-09-01 00:00:00,2.82%,2.7500%,CAN 2.75 Sep 27,2023-01-19
251,94.23,96.24,2024-10-01 00:00:00,3.68%,0.7500%,CAN 0.75 Oct 24,2023-01-19
252,91.83,93.86,2027-06-01 00:00:00,2.76%,1.0000%,CAN 1.00 Jun 27,2023-01-19
253,97.82,97.83,2023-08-01 00:00:00,4.47%,0.2500%,CAN 0.25 Aug 23,2023-01-19
254,96.55,98.61,2029-06-01 00:00:00,2.67%,2.2500%,CAN 2.25 Jun 29,2023-01-19
255,96.50,100.58,2023-11-01 00:00:00,4.41%,0.5000%,CAN 0.50 Nov 23,2023-01-19
256,98.25,100.26,2025-10-01 00:00:00,3.29%,3.0000%,CAN 3.00 Oct 25,2023-01-19
257,120.31,122.34,2027-06-01 00:00:00,2.75%,8.0000%,CAN 8.00 Jun 27,2023-01-19
258,100.26,102.30,2023-06-01 00:00:00,4.41%,8.0000%,CAN 8.00 Jun 23,2023-01-19
259,97.91,99.93,2024-11-01 00:00:00,3.64%,3.0000%,CAN 3.00 Nov 24,2023-01-19
260,96.84,98.85,2032-12-01 00:00:00,2.74%,2.5000%,CAN 2.50 Dec 32,2023-01-19
261,98.87,100.88,2023-02-01 00:00:00,-,0.2500%,CAN 0.25 Feb 23,2023-01-19
262,97.94,99.96,2023-06-01 00:00:00,4.50%,1.5000%,CAN 1.50 Jun 23,2023-01-19
263,102.38,104.41,2028-03-01 00:00:00,2.78%,3.5000%,CAN 3.50 Mar 28,2023-01-19
264,94.25,96.29,2026-06-01 00:00:00,3.00%,1.5000%,CAN 1.50 Jun 26,2023-01-19
265,95.57,97.62,2028-06-01 00:00:00,2.69%,2.0000%,CAN 2.00 Jun 28,2023-01-19
266,94.96,97.00,2025-04-01 00:00:00,3.44%,1.5000%,CAN 1.50 Apr 25,2023-01-19
267,94.60,96.64,2025-03-01 00:00:00,3.44%,1.2500%,CAN 1.25 Mar 25,2023-01-19
268,89.25,91.29,2031-12-01 00:00:00,2.74%,1.5000%,CAN 1.50 Dec 31,2023-01-19
269,96.69,98.71,2025-06-01 00:00:00,3.28%,2.2500%,CAN 2.25 Jun 25,2023-01-19
270,83.35,85.39,2030-12-01 00:00:00,2.73%,0.5000%,CAN 0.50 Dec 30,2023-01-19
271,96.94,98.95,2024-03-01 00:00:00,4.17%,2.2500%,CAN 2.25 Mar 24,2023-01-19
272,92.71,94.74,2027-03-01 00:00:00,2.89%,1.2500%,CAN 1.25 Mar 27,2023-01-19
273,95.46,97.47,2024-02-01 00:00:00,4.31%,0.7500%,CAN 0.75 Feb 24,2023-01-19
274,100.02,104.02,2025-02-01 00:00:00,3.48%,3.7500%,CAN 3.75 Feb 25,2023-01-19
275,92.86,94.90,2032-06-01 00:00:00,2.74%,2.0000%,CAN 2.00 Jun 32,2023-01-19
276,98.72,100.73,2023-03-01 00:00:00,4.30%,1.7500%,CAN 1.75 Mar 23,2023-01-19
277,116.71,118.82,2029-06-01 00:00:00,2.68%,5.7500%,CAN 5.75 Jun 29,2023-01-19
278,98.31,102.41,2023-05-01 00:00:00,4.43%,0.2500%,CAN 0.25 May 23,2023-01-19
279,97.15,99.17,2024-06-01 00:00:00,3.90%,2.5000%,CAN 2.50 Jun 24,2023-01-19
280,90.41,92.42,2026-03-01 00:00:00,3.18%,0.2500%,CAN 0.25 Mar 26,2023-01-19
281,92.02,94.06,2025-09-01 00:00:00,3.32%,0.5000%,CAN 0.50 Sep 25,2023-01-19
282,97.42,99.43,2024-08-01 00:00:00,3.82%,2.7500%,CAN 2.75 Aug 24,2023-01-19
283,95.91,97.92,2024-05-01 00:00:00,4.01%,1.5000%,CAN 1.50 May 24,2023-01-19
284,93.31,93.36,2026-09-01 00:00:00,3.00%,1.0000%,CAN 1.00 Sep 26,2023-01-19
285,96.44,98.52,2029-12-01 00:00:00,2.66%,2.2500%,CAN 2.25 Dec 29,2023-01-19
286,-,-,2027-08-24 00:00:00,2.84%,3.2450%,CAN 3.24 Aug 27,2023-01-19
287,99.81,100.84,2025-02-01 00:00:00,3.61%,3.7500%,CAN 3.75 Feb 25,2023-01-26
288,100.20,102.24,2023-06-01 00:00:00,4.42%,8.0000%,CAN 8.00 Jun 23,2023-01-26
289,111.62,113.76,2025-06-01 00:00:00,3.34%,9.0000%,CAN 9.00 Jun 25,2023-01-26
290,98.00,100.02,2023-06-01 00:00:00,4.48%,1.5000%,CAN 1.50 Jun 23,2023-01-26
291,97.08,99.09,2024-06-01 00:00:00,4.00%,2.5000%,CAN 2.50 Jun 24,2023-01-26
292,96.56,98.58,2025-06-01 00:00:00,3.36%,2.2500%,CAN 2.25 Jun 25,2023-01-26
293,98.77,100.78,2023-03-01 00:00:00,4.28%,1.7500%,CAN 1.75 Mar 23,2023-01-26
294,96.93,98.95,2024-03-01 00:00:00,4.23%,2.2500%,CAN 2.25 Mar 24,2023-01-26
295,94.12,96.18,2026-06-01 00:00:00,3.06%,1.5000%,CAN 1.50 Jun 26,2023-01-26
296,95.48,97.50,2024-09-01 00:00:00,3.82%,1.5000%,CAN 1.50 Sep 24,2023-01-26
297,91.57,93.62,2027-06-01 00:00:00,2.85%,1.0000%,CAN 1.00 Jun 27,2023-01-26
298,94.49,96.54,2025-03-01 00:00:00,3.53%,1.2500%,CAN 1.25 Mar 25,2023-01-26
299,95.16,97.21,2028-06-01 00:00:00,2.79%,2.0000%,CAN 2.00 Jun 28,2023-01-26
300,91.99,94.02,2025-09-01 00:00:00,3.37%,0.5000%,CAN 0.50 Sep 25,2023-01-26
301,96.08,98.10,2029-06-01 00:00:00,2.76%,2.2500%,CAN 2.25 Jun 29,2023-01-26
302,94.59,96.64,2024-04-01 00:00:00,4.15%,0.2500%,CAN 0.25 Apr 24,2023-01-26
303,83.03,85.06,2030-12-01 00:00:00,2.80%,0.5000%,CAN 0.50 Dec 30,2023-01-26
304,98.94,100.95,2023-02-01 00:00:00,-,0.2500%,CAN 0.25 Feb 23,2023-01-26
305,98.40,99.52,2023-05-01 00:00:00,4.42%,0.2500%,CAN 0.25 May 23,2023-01-26
306,97.90,97.91,2023-08-01 00:00:00,4.48%,0.2500%,CAN 0.25 Aug 23,2023-01-26
307,94.15,96.16,2024-10-01 00:00:00,3.79%,0.7500%,CAN 0.75 Oct 24,2023-01-26
308,96.50,100.64,2023-11-01 00:00:00,4.43%,0.5000%,CAN 0.50 Nov 23,2023-01-26
309,90.45,92.46,2026-03-01 00:00:00,3.21%,0.2500%,CAN 0.25 Mar 26,2023-01-26
310,95.47,97.48,2024-02-01 00:00:00,4.38%,0.7500%,CAN 0.75 Feb 24,2023-01-26
311,93.14,93.19,2026-09-01 00:00:00,3.07%,1.0000%,CAN 1.00 Sep 26,2023-01-26
312,89.40,91.46,2031-06-01 00:00:00,2.81%,1.5000%,CAN 1.50 Jun 31,2023-01-26
313,92.53,94.57,2027-03-01 00:00:00,2.96%,1.2500%,CAN 1.25 Mar 27,2023-01-26
314,94.86,96.88,2025-04-01 00:00:00,3.51%,1.5000%,CAN 1.50 Apr 25,2023-01-26
315,88.83,90.89,2031-12-01 00:00:00,2.82%,1.5000%,CAN 1.50 Dec 31,2023-01-26
316,92.35,94.42,2032-06-01 00:00:00,2.83%,2.0000%,CAN 2.00 Jun 32,2023-01-26
317,95.88,97.92,2029-12-01 00:00:00,2.76%,2.2500%,CAN 2.25 Dec 29,2023-01-26
318,95.86,97.87,2024-05-01 00:00:00,4.11%,1.5000%,CAN 1.50 May 24,2023-01-26
319,98.32,100.35,2027-09-01 00:00:00,2.92%,2.7500%,CAN 2.75 Sep 27,2023-01-26
320,97.33,99.34,2024-08-01 00:00:00,3.91%,2.7500%,CAN 2.75 Aug 24,2023-01-26
321,98.18,100.20,2025-10-01 00:00:00,3.34%,3.0000%,CAN 3.00 Oct 25,2023-01-26
322,96.25,98.28,2032-12-01 00:00:00,2.83%,2.5000%,CAN 2.50 Dec 32,2023-01-26
323,101.96,103.98,2028-03-01 00:00:00,2.88%,3.5000%,CAN 3.50 Mar 28,2023-01-26
324,97.79,99.80,2024-11-01 00:00:00,3.73%,3.0000%,CAN 3.00 Nov 24,2023-01-26
325,-,-,2027-08-24 00:00:00,2.93%,3.2450%,CAN 3.24 Aug 27,2023-01-26
326,119.87,121.91,2027-06-01 00:00:00,2.84%,8.0000%,CAN 8.00 Jun 27,2023-01-26
327,116.11,118.16,2029-06-01 00:00:00,2.78%,5.7500%,CAN 5.75 Jun 29,2023-01-26
328,97.92,99.95,2023-06-01 00:00:00,4.53%,1.5000%,CAN 1.50 Jun 23,2023-01-18
329,97.07,99.14,2024-06-01 00:00:00,3.98%,2.5000%,CAN 2.50 Jun 24,2023-01-18
330,96.46,98.56,2025-06-01 00:00:00,3.39%,2.2500%,CAN 2.25 Jun 25,2023-01-18
331,98.70,100.72,2023-03-01 00:00:00,4.42%,1.7500%,CAN 1.75 Mar 23,2023-01-18
332,97.89,97.90,2024-03-01 00:00:00,4.24%,2.2500%,CAN 2.25 Mar 24,2023-01-18
333,94.86,95.14,2026-06-01 00:00:00,3.10%,1.5000%,CAN 1.50 Jun 26,2023-01-18
334,99.90,100.92,2025-02-01 00:00:00,3.55%,3.7500%,CAN 3.75 Feb 25,2023-01-18
335,95.45,97.51,2024-09-01 00:00:00,3.80%,1.5000%,CAN 1.50 Sep 24,2023-01-18
336,91.40,93.43,2027-06-01 00:00:00,2.88%,1.0000%,CAN 1.00 Jun 27,2023-01-18
337,100.26,102.31,2023-06-01 00:00:00,4.46%,8.0000%,CAN 8.00 Jun 23,2023-01-18
338,94.42,96.50,2025-03-01 00:00:00,3.53%,1.2500%,CAN 1.25 Mar 25,2023-01-18
339,95.04,97.14,2028-06-01 00:00:00,2.81%,2.0000%,CAN 2.00 Jun 28,2023-01-18
340,95.91,98.02,2029-06-01 00:00:00,2.79%,2.2500%,CAN 2.25 Jun 29,2023-01-18
341,82.72,84.77,2030-12-01 00:00:00,2.84%,0.5000%,CAN 0.50 Dec 30,2023-01-18
342,111.72,113.87,2025-06-01 00:00:00,3.33%,9.0000%,CAN 9.00 Jun 25,2023-01-18
343,91.75,93.87,2025-09-01 00:00:00,3.44%,0.5000%,CAN 0.50 Sep 25,2023-01-18
344,90.20,92.28,2026-03-01 00:00:00,3.27%,0.2500%,CAN 0.25 Mar 26,2023-01-18
345,92.86,92.91,2026-09-01 00:00:00,3.12%,1.0000%,CAN 1.00 Sep 26,2023-01-18
346,94.44,96.56,2024-04-01 00:00:00,4.22%,0.2500%,CAN 0.25 Apr 24,2023-01-18
347,89.12,91.16,2031-06-01 00:00:00,2.85%,1.5000%,CAN 1.50 Jun 31,2023-01-18
348,98.86,100.87,2023-02-01 00:00:00,-,0.2500%,CAN 0.25 Feb 23,2023-01-18
349,92.28,94.35,2027-03-01 00:00:00,3.02%,1.2500%,CAN 1.25 Mar 27,2023-01-18
350,98.29,99.42,2023-05-01 00:00:00,4.45%,0.2500%,CAN 0.25 May 23,2023-01-18
351,88.58,90.64,2031-12-01 00:00:00,2.85%,1.5000%,CAN 1.50 Dec 31,2023-01-18
352,97.79,97.80,2023-08-01 00:00:00,4.51%,0.2500%,CAN 0.25 Aug 23,2023-01-18
353,92.83,94.20,2032-06-01 00:00:00,2.85%,2.0000%,CAN 2.00 Jun 32,2023-01-18
354,95.85,97.89,2029-12-01 00:00:00,2.77%,2.2500%,CAN 2.25 Dec 29,2023-01-18
355,94.15,96.21,2024-10-01 00:00:00,3.75%,0.7500%,CAN 0.75 Oct 24,2023-01-18
356,96.36,100.54,2023-11-01 00:00:00,4.45%,0.5000%,CAN 0.50 Nov 23,2023-01-18
357,95.44,97.46,2024-02-01 00:00:00,4.33%,0.7500%,CAN 0.75 Feb 24,2023-01-18
358,98.26,100.28,2027-09-01 00:00:00,2.93%,2.7500%,CAN 2.75 Sep 27,2023-01-18
359,94.76,96.85,2025-04-01 00:00:00,3.53%,1.5000%,CAN 1.50 Apr 25,2023-01-18
360,95.80,97.88,2024-05-01 00:00:00,4.11%,1.5000%,CAN 1.50 May 24,2023-01-18
361,96.10,98.11,2032-12-01 00:00:00,2.85%,2.5000%,CAN 2.50 Dec 32,2023-01-18
362,98.32,99.38,2024-08-01 00:00:00,3.88%,2.7500%,CAN 2.75 Aug 24,2023-01-18
363,98.03,100.07,2025-10-01 00:00:00,3.39%,3.0000%,CAN 3.00 Oct 25,2023-01-18
364,101.86,103.95,2028-03-01 00:00:00,2.90%,3.5000%,CAN 3.50 Mar 28,2023-01-18
365,97.83,99.85,2024-11-01 00:00:00,3.69%,3.0000%,CAN 3.00 Nov 24,2023-01-18
366,-,-,2027-08-24 00:00:00,2.96%,3.2450%,CAN 3.24 Aug 27,2023-01-18
367,119.85,121.88,2027-06-01 00:00:00,2.86%,8.0000%,CAN 8.00 Jun 27,2023-01-18
368,116.14,118.24,2029-06-01 00:00:00,2.79%,5.7500%,CAN 5.75 Jun 29,2023-01-18
369,94.09,96.14,2026-06-01 00:00:00,3.07%,1.5000%,CAN 1.50 Jun 26,2023-01-27
370,91.50,93.55,2027-06-01 00:00:00,2.86%,1.0000%,CAN 1.00 Jun 27,2023-01-27
371,95.04,97.09,2028-06-01 00:00:00,2.81%,2.0000%,CAN 2.00 Jun 28,2023-01-27
372,95.92,97.96,2029-06-01 00:00:00,2.79%,2.2500%,CAN 2.25 Jun 29,2023-01-27
373,82.91,84.94,2030-12-01 00:00:00,2.81%,0.5000%,CAN 0.50 Dec 30,2023-01-27
374,90.45,92.47,2026-03-01 00:00:00,3.20%,0.2500%,CAN 0.25 Mar 26,2023-01-27
375,93.03,93.08,2026-09-01 00:00:00,3.07%,1.0000%,CAN 1.00 Sep 26,2023-01-27
376,89.23,91.27,2031-06-01 00:00:00,2.83%,1.5000%,CAN 1.50 Jun 31,2023-01-27
377,99.79,103.79,2025-02-01 00:00:00,3.60%,3.7500%,CAN 3.75 Feb 25,2023-01-27
378,92.46,94.49,2027-03-01 00:00:00,2.97%,1.2500%,CAN 1.25 Mar 27,2023-01-27
379,88.65,90.69,2031-12-01 00:00:00,2.84%,1.5000%,CAN 1.50 Dec 31,2023-01-27
380,100.14,102.19,2023-06-01 00:00:00,4.57%,8.0000%,CAN 8.00 Jun 23,2023-01-27
381,92.16,94.20,2032-06-01 00:00:00,2.84%,2.0000%,CAN 2.00 Jun 32,2023-01-27
382,98.00,100.02,2023-06-01 00:00:00,4.51%,1.5000%,CAN 1.50 Jun 23,2023-01-27
383,111.55,113.71,2025-06-01 00:00:00,3.35%,9.0000%,CAN 9.00 Jun 25,2023-01-27
384,95.72,97.82,2029-12-01 00:00:00,2.78%,2.2500%,CAN 2.25 Dec 29,2023-01-27
385,97.07,99.08,2024-06-01 00:00:00,4.00%,2.5000%,CAN 2.50 Jun 24,2023-01-27
386,98.24,100.26,2027-09-01 00:00:00,2.93%,2.7500%,CAN 2.75 Sep 27,2023-01-27
387,96.56,98.60,2025-06-01 00:00:00,3.35%,2.2500%,CAN 2.25 Jun 25,2023-01-27
388,96.09,98.10,2032-12-01 00:00:00,2.84%,2.5000%,CAN 2.50 Dec 32,2023-01-27
389,98.78,100.79,2023-03-01 00:00:00,4.24%,1.7500%,CAN 1.75 Mar 23,2023-01-27
390,96.92,98.93,2024-03-01 00:00:00,4.24%,2.2500%,CAN 2.25 Mar 24,2023-01-27
391,101.82,103.85,2028-03-01 00:00:00,2.90%,3.5000%,CAN 3.50 Mar 28,2023-01-27
392,95.48,97.49,2024-09-01 00:00:00,3.81%,1.5000%,CAN 1.50 Sep 24,2023-01-27
393,-,-,2027-08-24 00:00:00,2.95%,3.2450%,CAN 3.24 Aug 27,2023-01-27
394,94.50,96.55,2025-03-01 00:00:00,3.52%,1.2500%,CAN 1.25 Mar 25,2023-01-27
395,119.74,121.78,2027-06-01 00:00:00,2.86%,8.0000%,CAN 8.00 Jun 27,2023-01-27
396,92.00,94.03,2025-09-01 00:00:00,3.36%,0.5000%,CAN 0.50 Sep 25,2023-01-27
397,115.92,118.02,2029-06-01 00:00:00,2.80%,5.7500%,CAN 5.75 Jun 29,2023-01-27
398,94.60,96.65,2024-04-01 00:00:00,4.15%,0.2500%,CAN 0.25 Apr 24,2023-01-27
399,98.98,100.99,2023-02-01 00:00:00,-,0.2500%,CAN 0.25 Feb 23,2023-01-27
400,98.41,102.51,2023-05-01 00:00:00,4.39%,0.2500%,CAN 0.25 May 23,2023-01-27
401,97.90,97.91,2023-08-01 00:00:00,4.49%,0.2500%,CAN 0.25 Aug 23,2023-01-27
402,94.15,96.16,2024-10-01 00:00:00,3.78%,0.7500%,CAN 0.75 Oct 24,2023-01-27
403,96.50,100.63,2023-11-01 00:00:00,4.46%,0.5000%,CAN 0.50 Nov 23,2023-01-27
404,95.46,97.48,2024-02-01 00:00:00,4.40%,0.7500%,CAN 0.75 Feb 24,2023-01-27
405,94.87,96.92,2025-04-01 00:00:00,3.50%,1.5000%,CAN 1.50 Apr 25,2023-01-27
406,95.86,97.87,2024-05-01 00:00:00,4.11%,1.5000%,CAN 1.50 May 24,2023-01-27
407,97.31,99.32,2024-08-01 00:00:00,3.92%,2.7500%,CAN 2.75 Aug 24,2023-01-27
408,98.16,100.20,2025-10-01 00:00:00,3.33%,3.0000%,CAN 3.00 Oct 25,2023-01-27
409,97.77,99.79,2024-11-01 00:00:00,3.73%,3.0000%,CAN 3.00 Nov 24,2023-01-27
